Datetime (UTC),Country,Zone name,Zone id,Carbon intensity gCO₂eq/kWh (direct),Carbon intensity gCO₂eq/kWh (Life cycle),Carbon-free energy percentage (CFE%),Renewable energy percentage (RE%),Data source
2024-01-01 00:00:00,Chile,Sistema Eléctrico Nacional,CL-SEN,126.16,169.94,77.33,77.33,coordinador.cl,,
2024-01-02 00:00:00,Chile,Sistema Eléctrico Nacional,CL-SEN,112.95,155.30,79.71,79.71,coordinador.cl,,
2024-01-03 00:00:00,Chile,Sistema Eléctrico Nacional,CL-SEN,140.70,187.29,74.72,74.72,coordinador.cl,,
2024-01-04 00:00:00,Chile,Sistema Eléctrico Nacional,CL-SEN,143.32,190.01,74.25,74.25,coordinador.cl,,
2024-01-05 00:00:00,Chile,Sistema Eléctrico Nacional,CL-SEN,159.78,209.27,71.29,71.29,coordinador.cl,,
2024-01-06 00:00:00,Chile,Sistema Eléctrico Nacional,CL-SEN,147.97,196.22,73.42,73.42,coordinador.cl,,
2024-01-07 00:00:00,Chile,Sistema Eléctrico Nacional,CL-SEN,139.42,185.76,74.95,74.95,coordinador.cl,,
2024-01-08 00:00:00,Chile,Sistema Eléctrico Nacional,CL-SEN,118.18,160.93,78.77,78.77,coordinador.cl,,
2024-01-09 00:00:00,Chile,Sistema Eléctrico Nacional,CL-SEN,119.55,161.74,78.52,78.52,coordinador.cl,,
2024-01-10 00:00:00,Chile,Sistema Eléctrico Nacional,CL-SEN,113.24,154.66,79.65,79.65,coordinador.cl,,
2024-01-11 00:00:00,Chile,Sistema Eléctrico Nacional,CL-SEN,143.06,188.91,74.30,74.30,coordinador.cl,,
2024-01-12 00:00:00,Chile,Sistema Eléctrico Nacional,CL-SEN,132.13,177.28,76.26,76.26,coordinador.cl,,
2024-01-13 00:00:00,Chile,Sistema Eléctrico Nacional,CL-SEN,132.87,177.75,76.13,76.13,coordinador.cl,,
2024-01-14 00:00:00,Chile,Sistema Eléctrico Nacional,CL-SEN,127.78,170.96,77.04,77.04,coordinador.cl,,
2024-01-15 00:00:00,Chile,Sistema Eléctrico Nacional,CL-SEN,137.10,182.19,75.37,75.37,coordinador.cl,,
2024-01-16 00:00:00,Chile,Sistema Eléctrico Nacional,CL-SEN,117.49,159.23,78.89,78.89,coordinador.cl,,
2024-01-17 00:00:00,Chile,Sistema Eléctrico Nacional,CL-SEN,153.11,200.19,72.49,72.49,coordinador.cl,,
2024-01-18 00:00:00,Chile,Sistema Eléctrico Nacional,CL-SEN,145.31,191.80,73.89,73.89,coordinador.cl,,
2024-01-19 00:00:00,Chile,Sistema Eléctrico Nacional,CL-SEN,154.24,201.50,72.29,72.29,coordinador.cl,,
2024-01-20 00:00:00,Chile,Sistema Eléctrico Nacional,CL-SEN,153.69,201.46,72.39,72.39,coordinador.cl,,
2024-01-21 00:00:00,Chile,Sistema Eléctrico Nacional,CL-SEN,156.42,204.41,71.90,71.90,coordinador.cl,,
2024-01-22 00:00:00,Chile,Sistema Eléctrico Nacional,CL-SEN,167.28,217.64,69.95,69.95,coordinador.cl,,
2024-01-23 00:00:00,Chile,Sistema Eléctrico Nacional,CL-SEN,195.51,249.65,64.88,64.88,coordinador.cl,,
2024-01-24 00:00:00,Chile,Sistema Eléctrico Nacional,CL-SEN,176.08,226.36,68.37,68.37,coordinador.cl,,
2024-01-25 00:00:00,Chile,Sistema Eléctrico Nacional,CL-SEN,197.64,251.45,64.49,64.49,coordinador.cl,,
2024-01-26 00:00:00,Chile,Sistema Eléctrico Nacional,CL-SEN,211.21,267.62,62.05,62.05,coordinador.cl,,
2024-01-27 00:00:00,Chile,Sistema Eléctrico Nacional,CL-SEN,180.20,231.39,67.63,67.63,coordinador.cl,,
2024-01-28 00:00:00,Chile,Sistema Eléctrico Nacional,CL-SEN,188.73,241.14,66.09,66.09,coordinador.cl,,
2024-01-29 00:00:00,Chile,Sistema Eléctrico Nacional,CL-SEN,190.37,243.85,65.80,65.80,coordinador.cl,,
2024-01-30 00:00:00,Chile,Sistema Eléctrico Nacional,CL-SEN,208.25,263.33,62.58,62.58,coordinador.cl,,
2024-01-31 00:00:00,Chile,Sistema Eléctrico Nacional,CL-SEN,203.85,258.08,63.38,63.38,coordinador.cl,,
2024-02-01 00:00:00,Chile,Sistema Eléctrico Nacional,CL-SEN,198.33,251.54,64.37,64.37,coordinador.cl,,
2024-02-02 00:00:00,Chile,Sistema Eléctrico Nacional,CL-SEN,185.29,237.52,66.71,66.71,coordinador.cl,,
2024-02-03 00:00:00,Chile,Sistema Eléctrico Nacional,CL-SEN,187.40,238.99,66.33,66.33,coordinador.cl,,
2024-02-04 00:00:00,Chile,Sistema Eléctrico Nacional,CL-SEN,185.78,237.55,66.62,66.62,coordinador.cl,,
2024-02-05 00:00:00,Chile,Sistema Eléctrico Nacional,CL-SEN,208.82,264.49,62.48,62.48,coordinador.cl,,
2024-02-06 00:00:00,Chile,Sistema Eléctrico Nacional,CL-SEN,216.50,272.94,61.10,61.10,coordinador.cl,,
2024-02-07 00:00:00,Chile,Sistema Eléctrico Nacional,CL-SEN,224.86,282.23,59.60,59.60,coordinador.cl,,
2024-02-08 00:00:00,Chile,Sistema Eléctrico Nacional,CL-SEN,210.15,264.94,62.24,62.24,coordinador.cl,,
2024-02-09 00:00:00,Chile,Sistema Eléctrico Nacional,CL-SEN,214.67,270.70,61.43,61.43,coordinador.cl,,
2024-02-10 00:00:00,Chile,Sistema Eléctrico Nacional,CL-SEN,221.22,278.08,60.26,60.26,coordinador.cl,,
2024-02-11 00:00:00,Chile,Sistema Eléctrico Nacional,CL-SEN,215.99,270.68,61.20,61.20,coordinador.cl,,
2024-02-12 00:00:00,Chile,Sistema Eléctrico Nacional,CL-SEN,189.93,241.37,65.88,65.88,coordinador.cl,,
2024-02-13 00:00:00,Chile,Sistema Eléctrico Nacional,CL-SEN,206.10,260.77,62.97,62.97,coordinador.cl,,
2024-02-14 00:00:00,Chile,Sistema Eléctrico Nacional,CL-SEN,221.06,278.24,60.29,60.29,coordinador.cl,,
2024-02-15 00:00:00,Chile,Sistema Eléctrico Nacional,CL-SEN,237.87,297.08,57.26,57.26,coordinador.cl,,
2024-02-16 00:00:00,Chile,Sistema Eléctrico Nacional,CL-SEN,223.65,280.55,59.82,59.82,coordinador.cl,,
2024-02-17 00:00:00,Chile,Sistema Eléctrico Nacional,CL-SEN,189.46,240.22,65.96,65.96,coordinador.cl,,
2024-02-18 00:00:00,Chile,Sistema Eléctrico Nacional,CL-SEN,185.10,235.41,66.75,66.75,coordinador.cl,,
2024-02-19 00:00:00,Chile,Sistema Eléctrico Nacional,CL-SEN,218.25,274.06,60.79,60.79,coordinador.cl,,
2024-02-20 00:00:00,Chile,Sistema Eléctrico Nacional,CL-SEN,235.44,294.48,57.70,57.70,coordinador.cl,,
2024-02-21 00:00:00,Chile,Sistema Eléctrico Nacional,CL-SEN,238.50,297.54,57.15,57.15,coordinador.cl,,
2024-02-22 00:00:00,Chile,Sistema Eléctrico Nacional,CL-SEN,250.76,310.91,54.95,54.95,coordinador.cl,,
2024-02-23 00:00:00,Chile,Sistema Eléctrico Nacional,CL-SEN,208.73,263.12,62.50,62.50,coordinador.cl,,
2024-02-24 00:00:00,Chile,Sistema Eléctrico Nacional,CL-SEN,217.19,272.78,60.98,60.98,coordinador.cl,,
2024-02-25 00:00:00,Chile,Sistema Eléctrico Nacional,CL-SEN,216.87,272.27,61.04,61.04,coordinador.cl,,
2024-02-26 00:00:00,Chile,Sistema Eléctrico Nacional,CL-SEN,213.70,269.16,61.61,61.61,coordinador.cl,,
2024-02-27 00:00:00,Chile,Sistema Eléctrico Nacional,CL-SEN,232.19,290.28,58.29,58.29,coordinador.cl,,
2024-02-28 00:00:00,Chile,Sistema Eléctrico Nacional,CL-SEN,226.54,283.45,59.30,59.30,coordinador.cl,,
2024-02-29 00:00:00,Chile,Sistema Eléctrico Nacional,CL-SEN,216.84,272.36,61.04,61.04,coordinador.cl,,
2024-03-01 00:00:00,Chile,Sistema Eléctrico Nacional,CL-SEN,217.97,273.33,60.84,60.84,coordinador.cl,,
2024-03-02 00:00:00,Chile,Sistema Eléctrico Nacional,CL-SEN,215.28,270.12,61.32,61.32,coordinador.cl,,
2024-03-03 00:00:00,Chile,Sistema Eléctrico Nacional,CL-SEN,196.94,249.24,64.62,64.62,coordinador.cl,,
2024-03-04 00:00:00,Chile,Sistema Eléctrico Nacional,CL-SEN,200.42,254.32,63.99,63.99,coordinador.cl,,
2024-03-05 00:00:00,Chile,Sistema Eléctrico Nacional,CL-SEN,206.69,260.87,62.87,62.87,coordinador.cl,,
2024-03-06 00:00:00,Chile,Sistema Eléctrico Nacional,CL-SEN,218.46,274.44,60.75,60.75,coordinador.cl,,
2024-03-07 00:00:00,Chile,Sistema Eléctrico Nacional,CL-SEN,208.25,263.20,62.58,62.58,coordinador.cl,,
2024-03-08 00:00:00,Chile,Sistema Eléctrico Nacional,CL-SEN,193.92,246.05,65.16,65.16,coordinador.cl,,
2024-03-09 00:00:00,Chile,Sistema Eléctrico Nacional,CL-SEN,199.54,252.56,64.15,64.15,coordinador.cl,,
2024-03-10 00:00:00,Chile,Sistema Eléctrico Nacional,CL-SEN,198.72,251.37,64.30,64.30,coordinador.cl,,
2024-03-11 00:00:00,Chile,Sistema Eléctrico Nacional,CL-SEN,206.75,261.26,62.86,62.86,coordinador.cl,,
2024-03-12 00:00:00,Chile,Sistema Eléctrico Nacional,CL-SEN,205.13,258.47,63.15,63.15,coordinador.cl,,
2024-03-13 00:00:00,Chile,Sistema Eléctrico Nacional,CL-SEN,205.57,258.52,63.07,63.07,coordinador.cl,,
2024-03-14 00:00:00,Chile,Sistema Eléctrico Nacional,CL-SEN,208.12,261.78,62.61,62.61,coordinador.cl,,
2024-03-15 00:00:00,Chile,Sistema Eléctrico Nacional,CL-SEN,192.64,244.00,65.39,65.39,coordinador.cl,,
2024-03-16 00:00:00,Chile,Sistema Eléctrico Nacional,CL-SEN,201.92,255.26,63.72,63.72,coordinador.cl,,
2024-03-17 00:00:00,Chile,Sistema Eléctrico Nacional,CL-SEN,208.36,261.91,62.57,62.57,coordinador.cl,,
2024-03-18 00:00:00,Chile,Sistema Eléctrico Nacional,CL-SEN,226.18,283.36,59.37,59.37,coordinador.cl,,
2024-03-19 00:00:00,Chile,Sistema Eléctrico Nacional,CL-SEN,239.73,298.65,56.93,56.93,coordinador.cl,,
2024-03-20 00:00:00,Chile,Sistema Eléctrico Nacional,CL-SEN,262.08,323.32,52.92,52.92,coordinador.cl,,
2024-03-21 00:00:00,Chile,Sistema Eléctrico Nacional,CL-SEN,264.11,326.49,52.55,52.55,coordinador.cl,,
2024-03-22 00:00:00,Chile,Sistema Eléctrico Nacional,CL-SEN,272.53,335.99,51.04,51.04,coordinador.cl,,
2024-03-23 00:00:00,Chile,Sistema Eléctrico Nacional,CL-SEN,252.47,312.93,54.64,54.64,coordinador.cl,,
2024-03-24 00:00:00,Chile,Sistema Eléctrico Nacional,CL-SEN,222.44,277.87,60.04,60.04,coordinador.cl,,
2024-03-25 00:00:00,Chile,Sistema Eléctrico Nacional,CL-SEN,235.07,292.70,57.77,57.77,coordinador.cl,,
2024-03-26 00:00:00,Chile,Sistema Eléctrico Nacional,CL-SEN,248.30,307.99,55.39,55.39,coordinador.cl,,
2024-03-27 00:00:00,Chile,Sistema Eléctrico Nacional,CL-SEN,241.31,300.41,56.65,56.65,coordinador.cl,,
2024-03-28 00:00:00,Chile,Sistema Eléctrico Nacional,CL-SEN,232.21,289.74,58.28,58.28,coordinador.cl,,
2024-03-29 00:00:00,Chile,Sistema Eléctrico Nacional,CL-SEN,246.27,305.60,55.76,55.76,coordinador.cl,,
2024-03-30 00:00:00,Chile,Sistema Eléctrico Nacional,CL-SEN,229.15,285.34,58.83,58.83,coordinador.cl,,
2024-03-31 00:00:00,Chile,Sistema Eléctrico Nacional,CL-SEN,242.71,300.98,56.40,56.40,coordinador.cl,,
2024-04-01 00:00:00,Chile,Sistema Eléctrico Nacional,CL-SEN,225.46,281.56,59.49,59.49,coordinador.cl,,
2024-04-02 00:00:00,Chile,Sistema Eléctrico Nacional,CL-SEN,247.42,305.97,55.55,55.55,coordinador.cl,,
2024-04-03 00:00:00,Chile,Sistema Eléctrico Nacional,CL-SEN,268.76,330.77,51.72,51.72,coordinador.cl,,
2024-04-04 00:00:00,Chile,Sistema Eléctrico Nacional,CL-SEN,256.24,316.56,53.96,53.96,coordinador.cl,,
2024-04-05 00:00:00,Chile,Sistema Eléctrico Nacional,CL-SEN,242.07,300.19,56.51,56.51,coordinador.cl,,
2024-04-06 00:00:00,Chile,Sistema Eléctrico Nacional,CL-SEN,247.82,306.28,55.48,55.48,coordinador.cl,,
2024-04-07 00:00:00,Chile,Sistema Eléctrico Nacional,CL-SEN,245.91,303.82,55.82,55.82,coordinador.cl; Electricity Maps Estimation,,
2024-04-08 00:00:00,Chile,Sistema Eléctrico Nacional,CL-SEN,246.04,305.90,55.80,55.80,coordinador.cl,,
2024-04-09 00:00:00,Chile,Sistema Eléctrico Nacional,CL-SEN,224.54,280.29,59.66,59.66,coordinador.cl,,
2024-04-10 00:00:00,Chile,Sistema Eléctrico Nacional,CL-SEN,256.26,316.48,53.96,53.96,coordinador.cl,,
2024-04-11 00:00:00,Chile,Sistema Eléctrico Nacional,CL-SEN,305.01,372.24,45.20,45.20,coordinador.cl,,
2024-04-12 00:00:00,Chile,Sistema Eléctrico Nacional,CL-SEN,301.08,367.16,45.91,45.91,coordinador.cl,,
2024-04-13 00:00:00,Chile,Sistema Eléctrico Nacional,CL-SEN,294.04,358.46,47.17,47.17,coordinador.cl,,
2024-04-14 00:00:00,Chile,Sistema Eléctrico Nacional,CL-SEN,350.23,421.27,37.08,37.08,coordinador.cl,,
2024-04-15 00:00:00,Chile,Sistema Eléctrico Nacional,CL-SEN,302.10,368.12,45.73,45.73,coordinador.cl,,
2024-04-16 00:00:00,Chile,Sistema Eléctrico Nacional,CL-SEN,254.72,314.48,54.24,54.24,coordinador.cl,,
2024-04-17 00:00:00,Chile,Sistema Eléctrico Nacional,CL-SEN,265.55,327.12,52.29,52.29,coordinador.cl,,
2024-04-18 00:00:00,Chile,Sistema Eléctrico Nacional,CL-SEN,275.75,339.66,50.46,50.46,coordinador.cl; Electricity Maps Estimation,,
2024-04-19 00:00:00,Chile,Sistema Eléctrico Nacional,CL-SEN,289.62,355.14,47.97,47.97,coordinador.cl; Electricity Maps Estimation,,
2024-04-20 00:00:00,Chile,Sistema Eléctrico Nacional,CL-SEN,279.42,342.80,49.80,49.80,coordinador.cl,,
2024-04-21 00:00:00,Chile,Sistema Eléctrico Nacional,CL-SEN,268.49,329.50,51.76,51.76,coordinador.cl,,
2024-04-22 00:00:00,Chile,Sistema Eléctrico Nacional,CL-SEN,281.81,346.02,49.37,49.37,coordinador.cl,,
2024-04-23 00:00:00,Chile,Sistema Eléctrico Nacional,CL-SEN,282.25,346.80,49.29,49.29,coordinador.cl,,
2024-04-24 00:00:00,Chile,Sistema Eléctrico Nacional,CL-SEN,281.33,344.88,49.46,49.46,coordinador.cl,,
2024-04-25 00:00:00,Chile,Sistema Eléctrico Nacional,CL-SEN,258.51,318.12,53.56,53.56,coordinador.cl,,
2024-04-26 00:00:00,Chile,Sistema Eléctrico Nacional,CL-SEN,245.16,303.05,55.95,55.95,coordinador.cl,,
2024-04-27 00:00:00,Chile,Sistema Eléctrico Nacional,CL-SEN,237.71,294.53,57.29,57.29,coordinador.cl,,
2024-04-28 00:00:00,Chile,Sistema Eléctrico Nacional,CL-SEN,243.96,301.49,56.17,56.17,coordinador.cl,,
2024-04-29 00:00:00,Chile,Sistema Eléctrico Nacional,CL-SEN,240.16,297.02,56.85,56.85,coordinador.cl,,
2024-04-30 00:00:00,Chile,Sistema Eléctrico Nacional,CL-SEN,236.74,293.02,57.47,57.47,coordinador.cl,,
2024-05-01 00:00:00,Chile,Sistema Eléctrico Nacional,CL-SEN,229.49,283.88,58.77,58.77,coordinador.cl,,
2024-05-02 00:00:00,Chile,Sistema Eléctrico Nacional,CL-SEN,231.84,287.92,58.35,58.35,coordinador.cl,,
2024-05-03 00:00:00,Chile,Sistema Eléctrico Nacional,CL-SEN,233.41,289.84,58.07,58.07,coordinador.cl,,
2024-05-04 00:00:00,Chile,Sistema Eléctrico Nacional,CL-SEN,212.84,266.01,61.76,61.76,coordinador.cl,,
2024-05-05 00:00:00,Chile,Sistema Eléctrico Nacional,CL-SEN,220.86,276.19,60.32,60.32,coordinador.cl,,
2024-05-06 00:00:00,Chile,Sistema Eléctrico Nacional,CL-SEN,211.91,265.49,61.93,61.93,coordinador.cl,,
2024-05-07 00:00:00,Chile,Sistema Eléctrico Nacional,CL-SEN,263.54,323.05,52.65,52.65,coordinador.cl,,
2024-05-08 00:00:00,Chile,Sistema Eléctrico Nacional,CL-SEN,238.74,295.93,57.11,57.11,coordinador.cl,,
2024-05-09 00:00:00,Chile,Sistema Eléctrico Nacional,CL-SEN,275.10,337.36,50.58,50.58,coordinador.cl,,
2024-05-10 00:00:00,Chile,Sistema Eléctrico Nacional,CL-SEN,282.61,346.31,49.23,49.23,coordinador.cl,,
2024-05-11 00:00:00,Chile,Sistema Eléctrico Nacional,CL-SEN,246.88,304.97,55.65,55.65,coordinador.cl,,
2024-05-12 00:00:00,Chile,Sistema Eléctrico Nacional,CL-SEN,223.84,277.94,59.78,59.78,coordinador.cl,,
2024-05-13 00:00:00,Chile,Sistema Eléctrico Nacional,CL-SEN,207.96,260.19,62.64,62.64,coordinador.cl,,
2024-05-14 00:00:00,Chile,Sistema Eléctrico Nacional,CL-SEN,242.61,299.36,56.41,56.41,coordinador.cl,,
2024-05-15 00:00:00,Chile,Sistema Eléctrico Nacional,CL-SEN,314.90,381.09,43.43,43.43,coordinador.cl,,
2024-05-16 00:00:00,Chile,Sistema Eléctrico Nacional,CL-SEN,291.57,355.45,47.62,47.62,coordinador.cl,,
2024-05-17 00:00:00,Chile,Sistema Eléctrico Nacional,CL-SEN,288.75,351.85,48.12,48.12,coordinador.cl,,
2024-05-18 00:00:00,Chile,Sistema Eléctrico Nacional,CL-SEN,263.67,324.70,52.63,52.63,coordinador.cl,,
2024-05-19 00:00:00,Chile,Sistema Eléctrico Nacional,CL-SEN,244.38,301.64,56.09,56.09,coordinador.cl,,
2024-05-20 00:00:00,Chile,Sistema Eléctrico Nacional,CL-SEN,268.28,328.71,51.80,51.80,coordinador.cl,,
2024-05-21 00:00:00,Chile,Sistema Eléctrico Nacional,CL-SEN,265.07,324.56,52.38,52.38,coordinador.cl; Electricity Maps Estimation,,
2024-05-22 00:00:00,Chile,Sistema Eléctrico Nacional,CL-SEN,287.94,350.63,48.27,48.27,coordinador.cl; Electricity Maps Estimation,,
2024-05-23 00:00:00,Chile,Sistema Eléctrico Nacional,CL-SEN,288.89,353.00,48.10,48.10,coordinador.cl,,
2024-05-24 00:00:00,Chile,Sistema Eléctrico Nacional,CL-SEN,299.47,364.45,46.20,46.20,coordinador.cl,,
2024-05-25 00:00:00,Chile,Sistema Eléctrico Nacional,CL-SEN,312.09,378.81,43.93,43.93,coordinador.cl,,
2024-05-26 00:00:00,Chile,Sistema Eléctrico Nacional,CL-SEN,301.87,367.52,45.77,45.77,coordinador.cl,,
2024-05-27 00:00:00,Chile,Sistema Eléctrico Nacional,CL-SEN,291.57,355.74,47.62,47.62,coordinador.cl,,
2024-05-28 00:00:00,Chile,Sistema Eléctrico Nacional,CL-SEN,284.65,347.50,48.86,48.86,coordinador.cl,,
2024-05-29 00:00:00,Chile,Sistema Eléctrico Nacional,CL-SEN,276.01,337.92,50.41,50.41,coordinador.cl,,
2024-05-30 00:00:00,Chile,Sistema Eléctrico Nacional,CL-SEN,272.61,334.77,51.02,51.02,coordinador.cl,,
2024-05-31 00:00:00,Chile,Sistema Eléctrico Nacional,CL-SEN,295.51,360.28,46.91,46.91,coordinador.cl,,
2024-06-01 00:00:00,Chile,Sistema Eléctrico Nacional,CL-SEN,260.47,320.49,53.21,53.21,coordinador.cl,,
2024-06-02 00:00:00,Chile,Sistema Eléctrico Nacional,CL-SEN,264.00,324.07,52.57,52.57,coordinador.cl,,
2024-06-03 00:00:00,Chile,Sistema Eléctrico Nacional,CL-SEN,294.08,358.13,47.17,47.17,coordinador.cl,,
2024-06-04 00:00:00,Chile,Sistema Eléctrico Nacional,CL-SEN,276.61,338.62,50.30,50.30,coordinador.cl,,
2024-06-05 00:00:00,Chile,Sistema Eléctrico Nacional,CL-SEN,247.42,305.11,55.55,55.55,coordinador.cl,,
2024-06-06 00:00:00,Chile,Sistema Eléctrico Nacional,CL-SEN,222.34,276.92,60.06,60.06,coordinador.cl,,
2024-06-07 00:00:00,Chile,Sistema Eléctrico Nacional,CL-SEN,241.45,299.29,56.62,56.62,coordinador.cl,,
2024-06-08 00:00:00,Chile,Sistema Eléctrico Nacional,CL-SEN,187.25,235.60,66.36,66.36,coordinador.cl,,
2024-06-09 00:00:00,Chile,Sistema Eléctrico Nacional,CL-SEN,172.09,219.09,69.08,69.08,coordinador.cl,,
2024-06-10 00:00:00,Chile,Sistema Eléctrico Nacional,CL-SEN,191.27,241.15,65.64,65.64,coordinador.cl,,
2024-06-11 00:00:00,Chile,Sistema Eléctrico Nacional,CL-SEN,199.73,251.00,64.12,64.12,coordinador.cl,,
2024-06-12 00:00:00,Chile,Sistema Eléctrico Nacional,CL-SEN,167.79,213.68,69.86,69.86,coordinador.cl,,
2024-06-13 00:00:00,Chile,Sistema Eléctrico Nacional,CL-SEN,134.17,174.71,75.89,75.89,coordinador.cl,,
2024-06-14 00:00:00,Chile,Sistema Eléctrico Nacional,CL-SEN,167.50,214.45,69.91,69.91,coordinador.cl,,
2024-06-15 00:00:00,Chile,Sistema Eléctrico Nacional,CL-SEN,197.94,249.63,64.44,64.44,coordinador.cl,,
2024-06-16 00:00:00,Chile,Sistema Eléctrico Nacional,CL-SEN,185.31,234.77,66.71,66.71,coordinador.cl,,
2024-06-17 00:00:00,Chile,Sistema Eléctrico Nacional,CL-SEN,163.43,209.82,70.64,70.64,coordinador.cl,,
2024-06-18 00:00:00,Chile,Sistema Eléctrico Nacional,CL-SEN,179.70,228.68,67.72,67.72,coordinador.cl,,
2024-06-19 00:00:00,Chile,Sistema Eléctrico Nacional,CL-SEN,190.47,241.68,65.78,65.78,coordinador.cl,,
2024-06-20 00:00:00,Chile,Sistema Eléctrico Nacional,CL-SEN,188.28,237.64,66.17,66.17,coordinador.cl,,
2024-06-21 00:00:00,Chile,Sistema Eléctrico Nacional,CL-SEN,174.25,221.41,68.69,68.69,coordinador.cl,,
2024-06-22 00:00:00,Chile,Sistema Eléctrico Nacional,CL-SEN,196.56,247.76,64.69,64.69,coordinador.cl,,
2024-06-23 00:00:00,Chile,Sistema Eléctrico Nacional,CL-SEN,183.68,232.50,67.00,67.00,coordinador.cl,,
2024-06-24 00:00:00,Chile,Sistema Eléctrico Nacional,CL-SEN,174.87,222.77,68.58,68.58,coordinador.cl,,
2024-06-25 00:00:00,Chile,Sistema Eléctrico Nacional,CL-SEN,169.27,216.14,69.59,69.59,coordinador.cl,,
2024-06-26 00:00:00,Chile,Sistema Eléctrico Nacional,CL-SEN,159.55,204.50,71.33,71.33,coordinador.cl,,
2024-06-27 00:00:00,Chile,Sistema Eléctrico Nacional,CL-SEN,183.72,232.46,66.99,66.99,coordinador.cl,,
2024-06-28 00:00:00,Chile,Sistema Eléctrico Nacional,CL-SEN,190.38,241.06,65.80,65.80,coordinador.cl,,
2024-06-29 00:00:00,Chile,Sistema Eléctrico Nacional,CL-SEN,186.04,236.43,66.58,66.58,coordinador.cl,,
2024-06-30 00:00:00,Chile,Sistema Eléctrico Nacional,CL-SEN,172.99,221.61,68.92,68.92,coordinador.cl,,
2024-07-01 00:00:00,Chile,Sistema Eléctrico Nacional,CL-SEN,165.57,213.43,70.26,70.26,coordinador.cl,,
2024-07-02 00:00:00,Chile,Sistema Eléctrico Nacional,CL-SEN,159.34,205.64,71.37,71.37,coordinador.cl,,
2024-07-03 00:00:00,Chile,Sistema Eléctrico Nacional,CL-SEN,166.80,214.18,70.03,70.03,coordinador.cl,,
2024-07-04 00:00:00,Chile,Sistema Eléctrico Nacional,CL-SEN,165.64,213.10,70.24,70.24,coordinador.cl,,
2024-07-05 00:00:00,Chile,Sistema Eléctrico Nacional,CL-SEN,156.08,201.62,71.96,71.96,coordinador.cl,,
2024-07-06 00:00:00,Chile,Sistema Eléctrico Nacional,CL-SEN,171.79,219.81,69.14,69.14,coordinador.cl,,
2024-07-07 00:00:00,Chile,Sistema Eléctrico Nacional,CL-SEN,149.86,194.69,73.08,73.08,coordinador.cl,,
2024-07-08 00:00:00,Chile,Sistema Eléctrico Nacional,CL-SEN,154.07,198.81,72.32,72.32,coordinador.cl,,
2024-07-09 00:00:00,Chile,Sistema Eléctrico Nacional,CL-SEN,183.93,233.53,66.96,66.96,coordinador.cl,,
2024-07-10 00:00:00,Chile,Sistema Eléctrico Nacional,CL-SEN,184.61,233.52,66.83,66.83,coordinador.cl,,
2024-07-11 00:00:00,Chile,Sistema Eléctrico Nacional,CL-SEN,212.38,266.23,61.84,61.84,coordinador.cl,,
2024-07-12 00:00:00,Chile,Sistema Eléctrico Nacional,CL-SEN,204.94,258.24,63.18,63.18,coordinador.cl,,
2024-07-13 00:00:00,Chile,Sistema Eléctrico Nacional,CL-SEN,220.54,276.07,60.38,60.38,coordinador.cl,,
2024-07-14 00:00:00,Chile,Sistema Eléctrico Nacional,CL-SEN,194.89,246.98,64.99,64.99,coordinador.cl,,
2024-07-15 00:00:00,Chile,Sistema Eléctrico Nacional,CL-SEN,193.94,245.31,65.16,65.16,coordinador.cl,,
2024-07-16 00:00:00,Chile,Sistema Eléctrico Nacional,CL-SEN,186.94,237.43,66.42,66.42,coordinador.cl,,
2024-07-17 00:00:00,Chile,Sistema Eléctrico Nacional,CL-SEN,200.46,252.85,63.99,63.99,coordinador.cl,,
2024-07-18 00:00:00,Chile,Sistema Eléctrico Nacional,CL-SEN,218.08,272.30,60.82,60.82,coordinador.cl,,
2024-07-19 00:00:00,Chile,Sistema Eléctrico Nacional,CL-SEN,208.06,259.50,62.62,62.62,coordinador.cl,,
2024-07-20 00:00:00,Chile,Sistema Eléctrico Nacional,CL-SEN,199.68,251.29,64.13,64.13,coordinador.cl,,
2024-07-21 00:00:00,Chile,Sistema Eléctrico Nacional,CL-SEN,184.24,235.08,66.90,66.90,coordinador.cl,,
2024-07-22 00:00:00,Chile,Sistema Eléctrico Nacional,CL-SEN,208.77,262.92,62.49,62.49,coordinador.cl,,
2024-07-23 00:00:00,Chile,Sistema Eléctrico Nacional,CL-SEN,210.66,263.71,62.15,62.15,coordinador.cl,,
2024-07-24 00:00:00,Chile,Sistema Eléctrico Nacional,CL-SEN,198.98,251.40,64.25,64.25,coordinador.cl,,
2024-07-25 00:00:00,Chile,Sistema Eléctrico Nacional,CL-SEN,185.97,235.68,66.59,66.59,coordinador.cl,,
2024-07-26 00:00:00,Chile,Sistema Eléctrico Nacional,CL-SEN,176.40,224.19,68.31,68.31,coordinador.cl,,
2024-07-27 00:00:00,Chile,Sistema Eléctrico Nacional,CL-SEN,155.13,200.43,72.13,72.13,coordinador.cl,,
2024-07-28 00:00:00,Chile,Sistema Eléctrico Nacional,CL-SEN,150.12,193.67,73.03,73.03,coordinador.cl,,
2024-07-29 00:00:00,Chile,Sistema Eléctrico Nacional,CL-SEN,176.86,226.86,68.23,68.23,coordinador.cl,,
2024-07-30 00:00:00,Chile,Sistema Eléctrico Nacional,CL-SEN,206.11,259.22,62.97,62.97,coordinador.cl,,
2024-07-31 00:00:00,Chile,Sistema Eléctrico Nacional,CL-SEN,197.07,247.16,64.59,64.59,coordinador.cl,,
2024-08-01 00:00:00,Chile,Sistema Eléctrico Nacional,CL-SEN,153.81,196.93,72.37,72.37,coordinador.cl,,
2024-08-02 00:00:00,Chile,Sistema Eléctrico Nacional,CL-SEN,144.11,185.98,74.11,74.11,coordinador.cl,,
2024-08-03 00:00:00,Chile,Sistema Eléctrico Nacional,CL-SEN,188.21,237.90,66.19,66.19,coordinador.cl,,
2024-08-04 00:00:00,Chile,Sistema Eléctrico Nacional,CL-SEN,191.25,241.96,65.64,65.64,coordinador.cl,,
2024-08-05 00:00:00,Chile,Sistema Eléctrico Nacional,CL-SEN,188.47,238.79,66.14,66.14,coordinador.cl,,
2024-08-06 00:00:00,Chile,Sistema Eléctrico Nacional,CL-SEN,169.79,217.74,69.50,69.50,coordinador.cl,,
2024-08-07 00:00:00,Chile,Sistema Eléctrico Nacional,CL-SEN,155.93,201.83,71.99,71.99,coordinador.cl; Electricity Maps Estimation,,
2024-08-08 00:00:00,Chile,Sistema Eléctrico Nacional,CL-SEN,158.29,204.87,71.56,71.56,coordinador.cl; Electricity Maps Estimation,,
2024-08-09 00:00:00,Chile,Sistema Eléctrico Nacional,CL-SEN,133.61,178.79,76.00,76.00,Electricity Maps Estimation,,
2024-08-10 00:00:00,Chile,Sistema Eléctrico Nacional,CL-SEN,152.63,199.51,72.58,72.58,Electricity Maps Estimation,,
2024-08-11 00:00:00,Chile,Sistema Eléctrico Nacional,CL-SEN,165.02,212.51,70.35,70.35,coordinador.cl; Electricity Maps Estimation,,
2024-08-12 00:00:00,Chile,Sistema Eléctrico Nacional,CL-SEN,173.02,222.28,68.92,68.92,coordinador.cl,,
2024-08-13 00:00:00,Chile,Sistema Eléctrico Nacional,CL-SEN,205.31,259.67,63.11,63.11,coordinador.cl,,
2024-08-14 00:00:00,Chile,Sistema Eléctrico Nacional,CL-SEN,211.09,265.80,62.08,62.08,coordinador.cl,,
2024-08-15 00:00:00,Chile,Sistema Eléctrico Nacional,CL-SEN,173.11,221.89,68.90,68.90,coordinador.cl,,
2024-08-16 00:00:00,Chile,Sistema Eléctrico Nacional,CL-SEN,144.22,188.04,74.09,74.09,coordinador.cl,,
2024-08-17 00:00:00,Chile,Sistema Eléctrico Nacional,CL-SEN,145.28,188.64,73.90,73.90,coordinador.cl,,
2024-08-18 00:00:00,Chile,Sistema Eléctrico Nacional,CL-SEN,168.35,215.92,69.75,69.75,coordinador.cl,,
2024-08-19 00:00:00,Chile,Sistema Eléctrico Nacional,CL-SEN,184.84,235.63,66.79,66.79,coordinador.cl,,
2024-08-20 00:00:00,Chile,Sistema Eléctrico Nacional,CL-SEN,188.43,238.18,66.15,66.15,coordinador.cl,,
2024-08-21 00:00:00,Chile,Sistema Eléctrico Nacional,CL-SEN,194.85,246.30,64.99,64.99,coordinador.cl,,
2024-08-22 00:00:00,Chile,Sistema Eléctrico Nacional,CL-SEN,209.40,262.97,62.38,62.38,coordinador.cl,,
2024-08-23 00:00:00,Chile,Sistema Eléctrico Nacional,CL-SEN,204.56,257.71,63.25,63.25,coordinador.cl,,
2024-08-24 00:00:00,Chile,Sistema Eléctrico Nacional,CL-SEN,180.59,230.83,67.56,67.56,coordinador.cl,,
2024-08-25 00:00:00,Chile,Sistema Eléctrico Nacional,CL-SEN,190.56,242.85,65.76,65.76,coordinador.cl,,
2024-08-26 00:00:00,Chile,Sistema Eléctrico Nacional,CL-SEN,190.52,242.30,65.77,65.77,coordinador.cl,,
2024-08-27 00:00:00,Chile,Sistema Eléctrico Nacional,CL-SEN,189.04,240.07,66.04,66.04,coordinador.cl,,
2024-08-28 00:00:00,Chile,Sistema Eléctrico Nacional,CL-SEN,185.84,236.47,66.61,66.61,coordinador.cl,,
2024-08-29 00:00:00,Chile,Sistema Eléctrico Nacional,CL-SEN,220.86,275.29,60.32,60.32,coordinador.cl,,
2024-08-30 00:00:00,Chile,Sistema Eléctrico Nacional,CL-SEN,225.38,281.71,59.51,59.51,coordinador.cl,,
2024-08-31 00:00:00,Chile,Sistema Eléctrico Nacional,CL-SEN,189.16,240.46,66.02,66.02,coordinador.cl,,
2024-09-01 00:00:00,Chile,Sistema Eléctrico Nacional,CL-SEN,198.18,250.63,64.40,64.40,coordinador.cl,,
2024-09-02 00:00:00,Chile,Sistema Eléctrico Nacional,CL-SEN,183.28,232.96,67.07,67.07,coordinador.cl,,
2024-09-03 00:00:00,Chile,Sistema Eléctrico Nacional,CL-SEN,171.74,219.83,69.15,69.15,coordinador.cl,,
2024-09-04 00:00:00,Chile,Sistema Eléctrico Nacional,CL-SEN,165.97,213.11,70.18,70.18,coordinador.cl,,
2024-09-05 00:00:00,Chile,Sistema Eléctrico Nacional,CL-SEN,170.27,218.27,69.41,69.41,coordinador.cl,,
2024-09-06 00:00:00,Chile,Sistema Eléctrico Nacional,CL-SEN,162.01,210.15,70.89,70.89,coordinador.cl,,
2024-09-07 00:00:00,Chile,Sistema Eléctrico Nacional,CL-SEN,148.57,194.14,73.31,73.31,coordinador.cl,,
2024-09-08 00:00:00,Chile,Sistema Eléctrico Nacional,CL-SEN,147.36,192.93,73.53,73.53,coordinador.cl,,
2024-09-09 00:00:00,Chile,Sistema Eléctrico Nacional,CL-SEN,152.82,199.57,72.54,72.54,coordinador.cl,,
2024-09-10 00:00:00,Chile,Sistema Eléctrico Nacional,CL-SEN,160.97,208.97,71.08,71.08,coordinador.cl,,
2024-09-11 00:00:00,Chile,Sistema Eléctrico Nacional,CL-SEN,152.13,198.54,72.67,72.67,coordinador.cl,,
2024-09-12 00:00:00,Chile,Sistema Eléctrico Nacional,CL-SEN,148.21,193.58,73.37,73.37,coordinador.cl,,
2024-09-13 00:00:00,Chile,Sistema Eléctrico Nacional,CL-SEN,152.44,198.70,72.61,72.61,coordinador.cl,,
2024-09-14 00:00:00,Chile,Sistema Eléctrico Nacional,CL-SEN,159.25,206.47,71.39,71.39,coordinador.cl,,
2024-09-15 00:00:00,Chile,Sistema Eléctrico Nacional,CL-SEN,149.66,195.13,73.11,73.11,coordinador.cl,,
2024-09-16 00:00:00,Chile,Sistema Eléctrico Nacional,CL-SEN,141.23,185.79,74.63,74.63,coordinador.cl,,
2024-09-17 00:00:00,Chile,Sistema Eléctrico Nacional,CL-SEN,162.54,211.61,70.80,70.80,coordinador.cl,,
2024-09-18 00:00:00,Chile,Sistema Eléctrico Nacional,CL-SEN,169.17,218.26,69.61,69.61,coordinador.cl,,
2024-09-19 00:00:00,Chile,Sistema Eléctrico Nacional,CL-SEN,141.91,186.07,74.50,74.50,coordinador.cl,,
2024-09-20 00:00:00,Chile,Sistema Eléctrico Nacional,CL-SEN,119.36,160.82,78.56,78.56,coordinador.cl,,
2024-09-21 00:00:00,Chile,Sistema Eléctrico Nacional,CL-SEN,121.61,163.53,78.15,78.15,coordinador.cl,,
2024-09-22 00:00:00,Chile,Sistema Eléctrico Nacional,CL-SEN,137.09,181.04,75.37,75.37,coordinador.cl,,
2024-09-23 00:00:00,Chile,Sistema Eléctrico Nacional,CL-SEN,130.45,173.98,76.56,76.56,coordinador.cl,,
2024-09-24 00:00:00,Chile,Sistema Eléctrico Nacional,CL-SEN,136.26,180.56,75.52,75.52,coordinador.cl,,
2024-09-25 00:00:00,Chile,Sistema Eléctrico Nacional,CL-SEN,144.13,188.35,74.11,74.11,coordinador.cl,,
2024-09-26 00:00:00,Chile,Sistema Eléctrico Nacional,CL-SEN,160.29,208.48,71.20,71.20,coordinador.cl,,
2024-09-27 00:00:00,Chile,Sistema Eléctrico Nacional,CL-SEN,173.54,224.18,68.82,68.82,coordinador.cl,,
2024-09-28 00:00:00,Chile,Sistema Eléctrico Nacional,CL-SEN,184.54,236.74,66.85,66.85,coordinador.cl,,
2024-09-29 00:00:00,Chile,Sistema Eléctrico Nacional,CL-SEN,187.77,239.00,66.27,66.27,coordinador.cl,,
2024-09-30 00:00:00,Chile,Sistema Eléctrico Nacional,CL-SEN,159.18,207.35,71.40,71.40,coordinador.cl,,
2024-10-01 00:00:00,Chile,Sistema Eléctrico Nacional,CL-SEN,141.28,186.18,74.62,74.62,coordinador.cl,,
2024-10-02 00:00:00,Chile,Sistema Eléctrico Nacional,CL-SEN,124.75,166.51,77.59,77.59,coordinador.cl,,
2024-10-03 00:00:00,Chile,Sistema Eléctrico Nacional,CL-SEN,137.65,182.71,75.27,75.27,coordinador.cl,,
2024-10-04 00:00:00,Chile,Sistema Eléctrico Nacional,CL-SEN,166.50,216.76,70.09,70.09,coordinador.cl,,
2024-10-05 00:00:00,Chile,Sistema Eléctrico Nacional,CL-SEN,152.73,200.68,72.56,72.56,coordinador.cl,,
2024-10-06 00:00:00,Chile,Sistema Eléctrico Nacional,CL-SEN,151.37,197.81,72.81,72.81,coordinador.cl,,
2024-10-07 00:00:00,Chile,Sistema Eléctrico Nacional,CL-SEN,138.23,182.35,75.17,75.17,coordinador.cl,,
2024-10-08 00:00:00,Chile,Sistema Eléctrico Nacional,CL-SEN,157.07,203.10,71.78,71.78,coordinador.cl,,
2024-10-09 00:00:00,Chile,Sistema Eléctrico Nacional,CL-SEN,171.77,220.23,69.14,69.14,coordinador.cl,,
2024-10-10 00:00:00,Chile,Sistema Eléctrico Nacional,CL-SEN,147.96,193.70,73.42,73.42,coordinador.cl,,
2024-10-11 00:00:00,Chile,Sistema Eléctrico Nacional,CL-SEN,119.68,161.75,78.50,78.50,coordinador.cl,,
2024-10-12 00:00:00,Chile,Sistema Eléctrico Nacional,CL-SEN,116.89,157.97,79.00,79.00,coordinador.cl,,
2024-10-13 00:00:00,Chile,Sistema Eléctrico Nacional,CL-SEN,122.01,164.91,78.08,78.08,coordinador.cl,,
2024-10-14 00:00:00,Chile,Sistema Eléctrico Nacional,CL-SEN,115.08,157.17,79.33,79.33,coordinador.cl,,
2024-10-15 00:00:00,Chile,Sistema Eléctrico Nacional,CL-SEN,123.69,167.39,77.78,77.78,coordinador.cl,,
2024-10-16 00:00:00,Chile,Sistema Eléctrico Nacional,CL-SEN,134.67,179.42,75.81,75.81,coordinador.cl,,
2024-10-17 00:00:00,Chile,Sistema Eléctrico Nacional,CL-SEN,125.61,168.42,77.43,77.43,coordinador.cl; Electricity Maps Estimation,,
2024-10-18 00:00:00,Chile,Sistema Eléctrico Nacional,CL-SEN,137.70,182.64,75.26,75.26,Electricity Maps Estimation,,
2024-10-19 00:00:00,Chile,Sistema Eléctrico Nacional,CL-SEN,143.53,189.62,74.21,74.21,Electricity Maps Estimation,,
2024-10-20 00:00:00,Chile,Sistema Eléctrico Nacional,CL-SEN,133.85,178.10,75.95,75.95,coordinador.cl; Electricity Maps Estimation,,
2024-10-21 00:00:00,Chile,Sistema Eléctrico Nacional,CL-SEN,129.47,174.29,76.74,76.74,coordinador.cl,,
2024-10-22 00:00:00,Chile,Sistema Eléctrico Nacional,CL-SEN,122.10,165.32,78.07,78.07,coordinador.cl,,
2024-10-23 00:00:00,Chile,Sistema Eléctrico Nacional,CL-SEN,123.77,167.18,77.77,77.77,coordinador.cl,,
2024-10-24 00:00:00,Chile,Sistema Eléctrico Nacional,CL-SEN,103.65,144.35,81.38,81.38,coordinador.cl,,
2024-10-25 00:00:00,Chile,Sistema Eléctrico Nacional,CL-SEN,79.92,116.14,85.64,85.64,coordinador.cl,,
2024-10-26 00:00:00,Chile,Sistema Eléctrico Nacional,CL-SEN,102.69,142.62,81.55,81.55,coordinador.cl,,
2024-10-27 00:00:00,Chile,Sistema Eléctrico Nacional,CL-SEN,114.73,156.26,79.39,79.39,coordinador.cl,,
2024-10-28 00:00:00,Chile,Sistema Eléctrico Nacional,CL-SEN,116.01,158.24,79.16,79.16,coordinador.cl,,
2024-10-29 00:00:00,Chile,Sistema Eléctrico Nacional,CL-SEN,134.03,178.82,75.92,75.92,coordinador.cl,,
2024-10-30 00:00:00,Chile,Sistema Eléctrico Nacional,CL-SEN,132.41,178.02,76.21,76.21,coordinador.cl,,
2024-10-31 00:00:00,Chile,Sistema Eléctrico Nacional,CL-SEN,124.70,168.59,77.60,77.60,coordinador.cl,,
2024-11-01 00:00:00,Chile,Sistema Eléctrico Nacional,CL-SEN,123.38,165.88,77.83,77.83,coordinador.cl,,
2024-11-02 00:00:00,Chile,Sistema Eléctrico Nacional,CL-SEN,111.18,152.64,80.02,80.02,coordinador.cl,,
2024-11-03 00:00:00,Chile,Sistema Eléctrico Nacional,CL-SEN,105.96,145.92,80.96,80.96,coordinador.cl,,
2024-11-04 00:00:00,Chile,Sistema Eléctrico Nacional,CL-SEN,90.36,128.45,83.76,83.76,coordinador.cl,,
2024-11-05 00:00:00,Chile,Sistema Eléctrico Nacional,CL-SEN,88.59,126.68,84.08,84.08,coordinador.cl,,
2024-11-06 00:00:00,Chile,Sistema Eléctrico Nacional,CL-SEN,100.43,139.79,81.96,81.96,coordinador.cl,,
2024-11-07 00:00:00,Chile,Sistema Eléctrico Nacional,CL-SEN,100.91,140.93,81.87,81.87,coordinador.cl,,
2024-11-08 00:00:00,Chile,Sistema Eléctrico Nacional,CL-SEN,116.05,158.77,79.15,79.15,coordinador.cl,,
2024-11-09 00:00:00,Chile,Sistema Eléctrico Nacional,CL-SEN,125.43,169.65,77.47,77.47,coordinador.cl,,
2024-11-10 00:00:00,Chile,Sistema Eléctrico Nacional,CL-SEN,121.02,163.81,78.26,78.26,coordinador.cl,,
2024-11-11 00:00:00,Chile,Sistema Eléctrico Nacional,CL-SEN,90.70,129.60,83.70,83.70,coordinador.cl,,
2024-11-12 00:00:00,Chile,Sistema Eléctrico Nacional,CL-SEN,94.15,133.17,83.09,83.09,coordinador.cl,,
2024-11-13 00:00:00,Chile,Sistema Eléctrico Nacional,CL-SEN,117.57,159.71,78.88,78.88,coordinador.cl,,
2024-11-14 00:00:00,Chile,Sistema Eléctrico Nacional,CL-SEN,122.10,166.02,78.06,78.06,coordinador.cl,,
2024-11-15 00:00:00,Chile,Sistema Eléctrico Nacional,CL-SEN,113.60,156.08,79.59,79.59,coordinador.cl,,
2024-11-16 00:00:00,Chile,Sistema Eléctrico Nacional,CL-SEN,97.08,135.82,82.56,82.56,coordinador.cl,,
2024-11-17 00:00:00,Chile,Sistema Eléctrico Nacional,CL-SEN,91.34,129.32,83.59,83.59,coordinador.cl,,
2024-11-18 00:00:00,Chile,Sistema Eléctrico Nacional,CL-SEN,104.13,145.26,81.29,81.29,coordinador.cl,,
2024-11-19 00:00:00,Chile,Sistema Eléctrico Nacional,CL-SEN,127.47,172.13,77.10,77.10,coordinador.cl,,
2024-11-20 00:00:00,Chile,Sistema Eléctrico Nacional,CL-SEN,116.00,158.73,79.16,79.16,coordinador.cl,,
2024-11-21 00:00:00,Chile,Sistema Eléctrico Nacional,CL-SEN,117.32,160.21,78.92,78.92,coordinador.cl,,
2024-11-22 00:00:00,Chile,Sistema Eléctrico Nacional,CL-SEN,115.44,158.06,79.26,79.26,coordinador.cl,,
2024-11-23 00:00:00,Chile,Sistema Eléctrico Nacional,CL-SEN,127.89,172.09,77.02,77.02,coordinador.cl,,
2024-11-24 00:00:00,Chile,Sistema Eléctrico Nacional,CL-SEN,115.55,157.16,79.24,79.24,coordinador.cl,,
2024-11-25 00:00:00,Chile,Sistema Eléctrico Nacional,CL-SEN,112.40,154.00,79.81,79.81,coordinador.cl,,
2024-11-26 00:00:00,Chile,Sistema Eléctrico Nacional,CL-SEN,123.90,167.25,77.74,77.74,coordinador.cl,,
2024-11-27 00:00:00,Chile,Sistema Eléctrico Nacional,CL-SEN,121.62,164.62,78.15,78.15,coordinador.cl,,
2024-11-28 00:00:00,Chile,Sistema Eléctrico Nacional,CL-SEN,114.38,156.49,79.45,79.45,coordinador.cl,,
2024-11-29 00:00:00,Chile,Sistema Eléctrico Nacional,CL-SEN,122.81,165.98,77.94,77.94,coordinador.cl,,
2024-11-30 00:00:00,Chile,Sistema Eléctrico Nacional,CL-SEN,123.14,166.96,77.88,77.88,coordinador.cl,,
2024-12-01 00:00:00,Chile,Sistema Eléctrico Nacional,CL-SEN,105.27,145.52,81.09,81.09,coordinador.cl,,
2024-12-02 00:00:00,Chile,Sistema Eléctrico Nacional,CL-SEN,93.00,131.46,83.29,83.29,coordinador.cl,,
2024-12-03 00:00:00,Chile,Sistema Eléctrico Nacional,CL-SEN,110.01,151.69,80.24,80.24,coordinador.cl,,
2024-12-04 00:00:00,Chile,Sistema Eléctrico Nacional,CL-SEN,138.00,183.76,75.21,75.21,coordinador.cl,,
2024-12-05 00:00:00,Chile,Sistema Eléctrico Nacional,CL-SEN,133.27,178.10,76.06,76.06,coordinador.cl,,
2024-12-06 00:00:00,Chile,Sistema Eléctrico Nacional,CL-SEN,126.84,171.17,77.21,77.21,coordinador.cl,,
2024-12-07 00:00:00,Chile,Sistema Eléctrico Nacional,CL-SEN,113.90,156.00,79.54,79.54,coordinador.cl,,
2024-12-08 00:00:00,Chile,Sistema Eléctrico Nacional,CL-SEN,115.49,157.59,79.25,79.25,coordinador.cl,,
2024-12-09 00:00:00,Chile,Sistema Eléctrico Nacional,CL-SEN,100.65,141.49,81.92,81.92,coordinador.cl,,
2024-12-10 00:00:00,Chile,Sistema Eléctrico Nacional,CL-SEN,119.88,162.98,78.46,78.46,coordinador.cl,,
2024-12-11 00:00:00,Chile,Sistema Eléctrico Nacional,CL-SEN,132.20,176.91,76.25,76.25,coordinador.cl,,
2024-12-12 00:00:00,Chile,Sistema Eléctrico Nacional,CL-SEN,140.39,186.31,74.78,74.78,coordinador.cl,,
2024-12-13 00:00:00,Chile,Sistema Eléctrico Nacional,CL-SEN,129.21,173.55,76.79,76.79,coordinador.cl,,
2024-12-14 00:00:00,Chile,Sistema Eléctrico Nacional,CL-SEN,126.58,170.62,77.26,77.26,coordinador.cl,,
2024-12-15 00:00:00,Chile,Sistema Eléctrico Nacional,CL-SEN,141.23,187.64,74.63,74.63,coordinador.cl,,
2024-12-16 00:00:00,Chile,Sistema Eléctrico Nacional,CL-SEN,134.26,180.08,75.88,75.88,coordinador.cl,,
2024-12-17 00:00:00,Chile,Sistema Eléctrico Nacional,CL-SEN,137.56,183.13,75.29,75.29,coordinador.cl,,
2024-12-18 00:00:00,Chile,Sistema Eléctrico Nacional,CL-SEN,122.23,165.19,78.04,78.04,coordinador.cl,,
2024-12-19 00:00:00,Chile,Sistema Eléctrico Nacional,CL-SEN,132.45,177.02,76.21,76.21,coordinador.cl,,
2024-12-20 00:00:00,Chile,Sistema Eléctrico Nacional,CL-SEN,158.39,207.78,71.54,71.54,coordinador.cl,,
2024-12-21 00:00:00,Chile,Sistema Eléctrico Nacional,CL-SEN,137.43,183.71,75.31,75.31,coordinador.cl,,
2024-12-22 00:00:00,Chile,Sistema Eléctrico Nacional,CL-SEN,128.98,173.23,76.83,76.83,coordinador.cl,,
2024-12-23 00:00:00,Chile,Sistema Eléctrico Nacional,CL-SEN,135.34,180.89,75.69,75.69,coordinador.cl,,
2024-12-24 00:00:00,Chile,Sistema Eléctrico Nacional,CL-SEN,129.46,174.05,76.74,76.74,coordinador.cl,,
2024-12-25 00:00:00,Chile,Sistema Eléctrico Nacional,CL-SEN,138.89,185.34,75.05,75.05,coordinador.cl,,
2024-12-26 00:00:00,Chile,Sistema Eléctrico Nacional,CL-SEN,146.68,195.09,73.65,73.65,coordinador.cl,,
2024-12-27 00:00:00,Chile,Sistema Eléctrico Nacional,CL-SEN,157.44,207.06,71.71,71.71,coordinador.cl,,
2024-12-28 00:00:00,Chile,Sistema Eléctrico Nacional,CL-SEN,152.41,201.43,72.62,72.62,coordinador.cl,,
2024-12-29 00:00:00,Chile,Sistema Eléctrico Nacional,CL-SEN,140.66,186.89,74.73,74.73,coordinador.cl,,
2024-12-30 00:00:00,Chile,Sistema Eléctrico Nacional,CL-SEN,133.76,180.15,75.97,75.97,coordinador.cl,,
2024-12-31 00:00:00,Chile,Sistema Eléctrico Nacional,CL-SEN,133.45,178.60,76.03,76.03,coordinador.cl,,
