id,nombre_modelo,descripcion,tipo,años_uso,sala_id,watts_encendido,watts_apagado,horas_vida_util;;
"D-0001,""Monitor HP 24"""""",""Monitor LED 24 pulgadas Full HD"",""Monitor"",3,""OF-0002"",50.00,0.50,30000";;
"D-0002,""Router Cisco"",""Router empresarial de alta velocidad"",""Router"",2,""OF-0001"",40.00,5.00,50000";;
"D-0003,""Televisor Samsung"",""Televisor 32"""" Smart TV"",""Televisor"",3,""OF-0001"",80.00,1.00,40000";;
"D-0004,""Proyector Epson"",""Proyector HD de 3600 lúmenes"",""Proyector"",4,""AUL-0101"",300.00,2.00,5000";;
"D-0005,""Impresora HP LaserJet"",""Impresora láser multifunción"",""Impresora"",1,""OF-0003"",600.00,10.00,15000";;
"D-0006,""Portátil Dell XPS"",""Laptop i7 16GB RAM 512GB SSD"",""Computadora"",2,""OF-0002"",45.00,0.50,20000";;
"D-0007,""Tablet Samsung Galaxy"",""Tablet 10"""" con stylus"",""Tablet"",3,""LAB-0205"",15.00,0.10,10000";;
"D-0008,""Teléfono IP Yealink"",""Teléfono VoIP para oficina"",""Teléfono"",5,""OF-0001"",10.00,5.00,30000";;
"D-0009,""Pizarra Digital Smart"",""Pizarra interactiva 75"""""",""Pizarra"",2,""AUL-0101"",200.00,1.00,20000";;
"D-0010,""Servidor HP ProLiant"",""Servidor rack 2U 32GB RAM"",""Servidor"",4,""SRV-0001"",500.00,100.00,50000";;
"D-0011,""Switch Cisco 48P"",""Switch 48 puertos Gigabit"",""Red"",3,""COM-0001"",150.00,50.00,60000";;
"D-0012,""Altavoces Logitech"",""Sistema de audio 2.1"",""Audio"",2,""AUL-0101"",30.00,0.50,15000";;
"D-0013,""Cámara Seguridad Hikvision"",""Cámara IP 4K con zoom"",""Seguridad"",1,""ENT-0001"",25.00,20.00,40000";;
"D-0014,""testing"",""Cámara IP 4K con zoom"",""Seguridad"",1,""ENT-0001"",25.00,20.00,40000";;
D-0015', 'Cámara test', 'Cámara IP 4K con zoom', 'Seguridad', 1, 'AUL-0301', 25.00, 20.00, 400000;;
;;
;;
;;
;;
;;
